checkpoint,accuracy,precision,recall,f1
resnet18_full_best.pth,0.9134615384615384,0.8925233644859814,0.9794871794871794,0.9339853300733496
